--
-- $Revision: 1.4 $
--

ALTER TABLE data_definitions ADD COLUMN abort_action character varying;
ALTER TABLE data_definitions ADD COLUMN duplicates_action character varying;

DROP TABLE IF EXISTS edi_transactions_log_history;

CREATE TABLE edi_transactions_log_history
(
  id bigserial,
  edi_transactions_log_id bigint NOT NULL,
  "name" character varying NOT NULL,
  status character varying NOT NULL,
  message character varying,
  external_system_id bigint,
  data_definition_id bigint NOT NULL,
  usercompanyid bigint NOT NULL,
  created timestamp without time zone DEFAULT now(),
  createdby character varying,
  alteredby character varying,
  lastupdated timestamp without time zone DEFAULT now(),
  internal_id bigint,
  internal_identifier_field character varying,
  internal_identifier_value character varying,
  external_id character varying,
  "action" character varying NOT NULL,
  CONSTRAINT edi_transactions_log_history_pkey PRIMARY KEY (id),
  CONSTRAINT edi_transactions_log_history_fkey FOREIGN KEY (edi_transactions_log_id)
      REFERENCES edi_transactions_log (id) MATCH SIMPLE
      ON UPDATE NO ACTION ON DELETE CASCADE
);

ALTER TABLE edi_transactions_log_history OWNER TO "www-data";

INSERT INTO module_components
  ("name", "type", location, module_id)
  SELECT 'ediinterface', 'M', m.location||'/models/EDIInterface.php', id
    FROM modules m
   WHERE m.name = 'edi';

INSERT INTO module_components
  ("name", "type", location, module_id)
  SELECT 'editransactionloghistory', 'M', m.location||'/models/EDITransactionLogHistory.php', id
    FROM modules m
   WHERE m.name = 'edi';

--
-- Populate tables
--

-- external_systems

INSERT INTO external_systems (id, name, description, usercompanyid, created, createdby, alteredby, lastupdated) VALUES (2, 'Local', 'Local System Import/Export', 1, '2012-03-29 10:34:50.753898', NULL, NULL, '2012-03-29 10:34:50.753898');

SELECT pg_catalog.setval('external_systems_id_seq', 2, true);

-- data_mappings

INSERT INTO data_mappings (id, internal_type, internal_attribute, parent_id, name, usercompanyid, created, createdby, alteredby, lastupdated) VALUES (38, 'SInvoice', 'del_address->street2', NULL, 'Sales Invoice Delivery Address Line 2', 1, '2010-09-15 09:57:26.365019', NULL, NULL, '2010-09-15 09:57:26.365019');
INSERT INTO data_mappings (id, internal_type, internal_attribute, parent_id, name, usercompanyid, created, createdby, alteredby, lastupdated) VALUES (37, 'SInvoice', 'del_address->street1', NULL, 'Sales Invoice Delivery Address Line 1', 1, '2010-09-15 09:57:26.365019', NULL, NULL, '2010-09-15 09:57:26.365019');
INSERT INTO data_mappings (id, internal_type, internal_attribute, parent_id, name, usercompanyid, created, createdby, alteredby, lastupdated) VALUES (36, 'SInvoice', 'del_address_id', NULL, 'Sales Invoice Delivery Address', 1, '2010-09-15 09:57:26.365019', NULL, NULL, '2010-09-15 09:57:26.365019');
INSERT INTO data_mappings (id, internal_type, internal_attribute, parent_id, name, usercompanyid, created, createdby, alteredby, lastupdated) VALUES (29, 'SInvoice', 'inv_address->street1', NULL, 'Sales Invoice Address Line 1', 1, '2010-09-15 09:57:26.365019', NULL, NULL, '2010-09-15 09:57:26.365019');
INSERT INTO data_mappings (id, internal_type, internal_attribute, parent_id, name, usercompanyid, created, createdby, alteredby, lastupdated) VALUES (17, 'SInvoice', 'customerdetail->name', NULL, 'Sales Invoice Customer Name', 1, '2010-09-15 09:57:26.365019', NULL, NULL, '2010-09-15 09:57:26.365019');
INSERT INTO data_mappings (id, internal_type, internal_attribute, parent_id, name, usercompanyid, created, createdby, alteredby, lastupdated) VALUES (18, 'SInvoiceLine', 'line_number', NULL, 'Sales Invoice Line Number', 1, '2010-09-15 09:57:26.365019', NULL, NULL, '2010-09-15 09:57:26.365019');
INSERT INTO data_mappings (id, internal_type, internal_attribute, parent_id, name, usercompanyid, created, createdby, alteredby, lastupdated) VALUES (24, 'SInvoiceLine', 'tax_rate_id', NULL, 'Sales Invoice Line VAT Code', 1, '2010-09-15 09:57:26.365019', NULL, NULL, '2010-09-15 09:57:26.365019');
INSERT INTO data_mappings (id, internal_type, internal_attribute, parent_id, name, usercompanyid, created, createdby, alteredby, lastupdated) VALUES (46, 'SInvoice', 'currency', NULL, 'Sales Invoice Currency', 1, '2010-09-15 09:57:26.365019', NULL, NULL, '2010-09-15 09:57:26.365019');
INSERT INTO data_mappings (id, internal_type, internal_attribute, parent_id, name, usercompanyid, created, createdby, alteredby, lastupdated) VALUES (47, 'TaxRate', 'id', NULL, 'VAT Code', 1, '2010-09-15 09:57:26.365019', NULL, NULL, '2010-09-15 09:57:26.365019');
INSERT INTO data_mappings (id, internal_type, internal_attribute, parent_id, name, usercompanyid, created, createdby, alteredby, lastupdated) VALUES (49, 'SInvoice', 'getSettlementTerms', NULL, 'Sales Invoice Settlement Terms', 1, '2010-09-15 09:57:26.365019', NULL, NULL, '2010-09-15 09:57:26.365019');
INSERT INTO data_mappings (id, internal_type, internal_attribute, parent_id, name, usercompanyid, created, createdby, alteredby, lastupdated) VALUES (48, 'SInvoice', 'settlement_discount', NULL, 'Sales Invoice Settlement Discount', 1, '2010-09-15 09:57:26.365019', NULL, NULL, '2010-09-15 09:57:26.365019');
INSERT INTO data_mappings (id, internal_type, internal_attribute, parent_id, name, usercompanyid, created, createdby, alteredby, lastupdated) VALUES (1, 'SOrder', 'slmaster_id', NULL, 'Sales Order Customer', 1, '2010-09-15 09:57:26.365019', NULL, NULL, '2010-09-15 09:57:26.365019');
INSERT INTO data_mappings (id, internal_type, internal_attribute, parent_id, name, usercompanyid, created, createdby, alteredby, lastupdated) VALUES (2, 'SOrder', 'del_address_id', 1, 'Sales Order Delivery Address', 1, '2010-09-15 09:57:26.365019', NULL, NULL, '2010-09-15 09:57:26.365019');
INSERT INTO data_mappings (id, internal_type, internal_attribute, parent_id, name, usercompanyid, created, createdby, alteredby, lastupdated) VALUES (3, 'SOrderLine', 'productline_id', 1, 'Sales Order Product', 1, '2010-09-15 09:57:26.365019', NULL, NULL, '2010-09-15 09:57:26.365019');
INSERT INTO data_mappings (id, internal_type, internal_attribute, parent_id, name, usercompanyid, created, createdby, alteredby, lastupdated) VALUES (45, 'SInvoiceLine', 'tax_rate_percent', NULL, 'Sales Invoice Line VAT Rate', 1, '2010-09-15 09:57:26.365019', NULL, 'admin', '2011-01-24 12:17:08.766915');
INSERT INTO data_mappings (id, internal_type, internal_attribute, parent_id, name, usercompanyid, created, createdby, alteredby, lastupdated) VALUES (5, 'SOrder', 'due_date', NULL, 'Sales Order Due Date', 1, '2010-09-15 09:57:26.365019', NULL, NULL, '2010-09-15 09:57:26.365019');
INSERT INTO data_mappings (id, internal_type, internal_attribute, parent_id, name, usercompanyid, created, createdby, alteredby, lastupdated) VALUES (6, 'SOrder', 'description', NULL, 'Sales Order Description', 1, '2010-09-15 09:57:26.365019', NULL, NULL, '2010-09-15 09:57:26.365019');
INSERT INTO data_mappings (id, internal_type, internal_attribute, parent_id, name, usercompanyid, created, createdby, alteredby, lastupdated) VALUES (68, 'SOProductLine', 'ean', NULL, 'Sales Order Product Line EAN', 1, '2010-10-19 08:52:27.773401', 'admin', 'admin', '2010-10-19 08:52:27.773401');
INSERT INTO data_mappings (id, internal_type, internal_attribute, parent_id, name, usercompanyid, created, createdby, alteredby, lastupdated) VALUES (8, 'SOrderLine', 'description', NULL, 'Sales Order Line Description', 1, '2010-09-15 09:57:26.365019', NULL, NULL, '2010-09-15 09:57:26.365019');
INSERT INTO data_mappings (id, internal_type, internal_attribute, parent_id, name, usercompanyid, created, createdby, alteredby, lastupdated) VALUES (7, 'SOrderLine', 'revised_qty', NULL, 'Sales Order Line Quantity', 1, '2010-09-15 09:57:26.365019', NULL, NULL, '2010-09-15 09:57:26.365019');
INSERT INTO data_mappings (id, internal_type, internal_attribute, parent_id, name, usercompanyid, created, createdby, alteredby, lastupdated) VALUES (9, 'SOrderLine', 'line_number', NULL, 'Sales Order Line Number', 1, '2010-09-15 09:57:26.365019', NULL, NULL, '2010-09-15 09:57:26.365019');
INSERT INTO data_mappings (id, internal_type, internal_attribute, parent_id, name, usercompanyid, created, createdby, alteredby, lastupdated) VALUES (10, 'SLCustomer', 'id', NULL, 'Customer Name', 1, '2010-09-15 09:57:26.365019', NULL, NULL, '2010-09-15 09:57:26.365019');
INSERT INTO data_mappings (id, internal_type, internal_attribute, parent_id, name, usercompanyid, created, createdby, alteredby, lastupdated) VALUES (11, 'SLCustomer', 'del_address_id', 10, 'Customer Delivery Address', 1, '2010-09-15 09:57:26.365019', NULL, NULL, '2010-09-15 09:57:26.365019');
INSERT INTO data_mappings (id, internal_type, internal_attribute, parent_id, name, usercompanyid, created, createdby, alteredby, lastupdated) VALUES (12, 'SOProductline', 'id', 10, 'Sales Order Product', 1, '2010-09-15 09:57:26.365019', NULL, NULL, '2010-09-15 09:57:26.365019');
INSERT INTO data_mappings (id, internal_type, internal_attribute, parent_id, name, usercompanyid, created, createdby, alteredby, lastupdated) VALUES (13, 'SInvoice', 'slmaster_id', NULL, 'Sales Invoice Customer', 1, '2010-09-15 09:57:26.365019', NULL, NULL, '2010-09-15 09:57:26.365019');
INSERT INTO data_mappings (id, internal_type, internal_attribute, parent_id, name, usercompanyid, created, createdby, alteredby, lastupdated) VALUES (14, 'SInvoice', 'invoice_number', NULL, 'Sales Invoice Number', 1, '2010-09-15 09:57:26.365019', NULL, NULL, '2010-09-15 09:57:26.365019');
INSERT INTO data_mappings (id, internal_type, internal_attribute, parent_id, name, usercompanyid, created, createdby, alteredby, lastupdated) VALUES (15, 'SInvoice', 'getFormatted(''invoice_date'')', NULL, 'Sales Invoice Date', 1, '2010-09-15 09:57:26.365019', NULL, NULL, '2010-09-15 09:57:26.365019');
INSERT INTO data_mappings (id, internal_type, internal_attribute, parent_id, name, usercompanyid, created, createdby, alteredby, lastupdated) VALUES (16, 'SInvoice', 'inv_address_id', 13, 'Sales Invoice Address', 1, '2010-09-15 09:57:26.365019', NULL, NULL, '2010-09-15 09:57:26.365019');
INSERT INTO data_mappings (id, internal_type, internal_attribute, parent_id, name, usercompanyid, created, createdby, alteredby, lastupdated) VALUES (50, 'SInvoice', 'system_company->systemcompany->name', NULL, 'Sales Invoice Supplier Name', 1, '2010-09-15 09:57:26.365019', NULL, NULL, '2010-09-15 09:57:26.365019');
INSERT INTO data_mappings (id, internal_type, internal_attribute, parent_id, name, usercompanyid, created, createdby, alteredby, lastupdated) VALUES (51, 'SInvoiceLine', 'item_detail->item_code', NULL, 'Sales Invoice Line Item', 1, '2010-09-15 09:57:26.365019', NULL, NULL, '2010-09-15 09:57:26.365019');
INSERT INTO data_mappings (id, internal_type, internal_attribute, parent_id, name, usercompanyid, created, createdby, alteredby, lastupdated) VALUES (52, 'SInvoiceLine', 'invoice_detail->payment_term->discount', NULL, 'Sales Invoice Line Settlement Percentage', 1, '2010-09-15 09:57:26.365019', NULL, NULL, '2010-09-15 09:57:26.365019');
INSERT INTO data_mappings (id, internal_type, internal_attribute, parent_id, name, usercompanyid, created, createdby, alteredby, lastupdated) VALUES (20, 'SInvoiceLine', 'sales_qty', NULL, 'Sales Invoice Line Quantity', 1, '2010-09-15 09:57:26.365019', NULL, NULL, '2010-09-15 09:57:26.365019');
INSERT INTO data_mappings (id, internal_type, internal_attribute, parent_id, name, usercompanyid, created, createdby, alteredby, lastupdated) VALUES (19, 'SInvoiceLine', 'productline_id', 13, 'Sales Invoice Line Product', 1, '2010-09-15 09:57:26.365019', NULL, NULL, '2010-09-15 09:57:26.365019');
INSERT INTO data_mappings (id, internal_type, internal_attribute, parent_id, name, usercompanyid, created, createdby, alteredby, lastupdated) VALUES (21, 'SInvoiceLine', 'net_value', NULL, 'Sales Invoice Line Net Value', 1, '2010-09-15 09:57:26.365019', NULL, NULL, '2010-09-15 09:57:26.365019');
INSERT INTO data_mappings (id, internal_type, internal_attribute, parent_id, name, usercompanyid, created, createdby, alteredby, lastupdated) VALUES (22, 'SInvoiceLine', 'gross_value', NULL, 'Sales Invoice Line Gross Value', 1, '2010-09-15 09:57:26.365019', NULL, NULL, '2010-09-15 09:57:26.365019');
INSERT INTO data_mappings (id, internal_type, internal_attribute, parent_id, name, usercompanyid, created, createdby, alteredby, lastupdated) VALUES (23, 'SInvoiceLine', 'description', NULL, 'Sales Invoice Line Description', 1, '2010-09-15 09:57:26.365019', NULL, NULL, '2010-09-15 09:57:26.365019');
INSERT INTO data_mappings (id, internal_type, internal_attribute, parent_id, name, usercompanyid, created, createdby, alteredby, lastupdated) VALUES (26, 'SInvoice', 'order->order_number', NULL, 'Sales Invoice Order Number', 1, '2010-09-15 09:57:26.365019', NULL, NULL, '2010-09-15 09:57:26.365019');
INSERT INTO data_mappings (id, internal_type, internal_attribute, parent_id, name, usercompanyid, created, createdby, alteredby, lastupdated) VALUES (27, 'SInvoice', 'order->getFormatted(''order_date'')', NULL, 'Sales Invoice Order Date', 1, '2010-09-15 09:57:26.365019', NULL, NULL, '2010-09-15 09:57:26.365019');
INSERT INTO data_mappings (id, internal_type, internal_attribute, parent_id, name, usercompanyid, created, createdby, alteredby, lastupdated) VALUES (28, 'SInvoice', 'getDeliveryNote', NULL, 'Sales Invoice Delivery Note', 1, '2010-09-15 09:57:26.365019', NULL, NULL, '2010-09-15 09:57:26.365019');
INSERT INTO data_mappings (id, internal_type, internal_attribute, parent_id, name, usercompanyid, created, createdby, alteredby, lastupdated) VALUES (53, 'SInvoice', 'getFormatted(''due_date'')', NULL, 'Sales Invoice Payment Due Date', 1, '2010-09-15 09:57:26.365019', NULL, NULL, '2010-09-15 09:57:26.365019');
INSERT INTO data_mappings (id, internal_type, internal_attribute, parent_id, name, usercompanyid, created, createdby, alteredby, lastupdated) VALUES (55, 'SInvoice', 'system_company->getCompanyAddress()->street1', NULL, 'Sales Invoice Supplier Address 1', 1, '2010-09-15 09:57:26.365019', NULL, NULL, '2010-09-15 09:57:26.365019');
INSERT INTO data_mappings (id, internal_type, internal_attribute, parent_id, name, usercompanyid, created, createdby, alteredby, lastupdated) VALUES (30, 'SInvoice', 'inv_address->street2', NULL, 'Sales Invoice Address Line 2', 1, '2010-09-15 09:57:26.365019', NULL, NULL, '2010-09-15 09:57:26.365019');
INSERT INTO data_mappings (id, internal_type, internal_attribute, parent_id, name, usercompanyid, created, createdby, alteredby, lastupdated) VALUES (31, 'SInvoice', 'inv_address->town', NULL, 'Sales Invoice Address Town', 1, '2010-09-15 09:57:26.365019', NULL, NULL, '2010-09-15 09:57:26.365019');
INSERT INTO data_mappings (id, internal_type, internal_attribute, parent_id, name, usercompanyid, created, createdby, alteredby, lastupdated) VALUES (32, 'SInvoice', 'inv_address->county', NULL, 'Sales Invoice Address County', 1, '2010-09-15 09:57:26.365019', NULL, NULL, '2010-09-15 09:57:26.365019');
INSERT INTO data_mappings (id, internal_type, internal_attribute, parent_id, name, usercompanyid, created, createdby, alteredby, lastupdated) VALUES (33, 'SInvoice', 'inv_address->postcode', NULL, 'Sales Invoice Address Post Code', 1, '2010-09-15 09:57:26.365019', NULL, NULL, '2010-09-15 09:57:26.365019');
INSERT INTO data_mappings (id, internal_type, internal_attribute, parent_id, name, usercompanyid, created, createdby, alteredby, lastupdated) VALUES (34, 'SInvoice', 'inv_address->country', NULL, 'Sales Invoice Address Country', 1, '2010-09-15 09:57:26.365019', NULL, NULL, '2010-09-15 09:57:26.365019');
INSERT INTO data_mappings (id, internal_type, internal_attribute, parent_id, name, usercompanyid, created, createdby, alteredby, lastupdated) VALUES (35, 'SInvoice', 'customerdetail->companydetail->vatnumber', NULL, 'Sales Invoice Customer VAT Number', 1, '2010-09-15 09:57:26.365019', NULL, NULL, '2010-09-15 09:57:26.365019');
INSERT INTO data_mappings (id, internal_type, internal_attribute, parent_id, name, usercompanyid, created, createdby, alteredby, lastupdated) VALUES (54, 'SInvoiceLine', 'item_detail->convertUomByName(1,''Case'',''Pack'')', NULL, 'Sales Invoice Line Pack Size', 1, '2010-09-15 09:57:26.365019', NULL, NULL, '2010-09-15 09:57:26.365019');
INSERT INTO data_mappings (id, internal_type, internal_attribute, parent_id, name, usercompanyid, created, createdby, alteredby, lastupdated) VALUES (56, 'SInvoice', 'system_company->getCompanyAddress()->street2', NULL, 'Sales Invoice Supplier Address 2', 1, '2010-09-15 09:57:26.365019', NULL, NULL, '2010-09-15 09:57:26.365019');
INSERT INTO data_mappings (id, internal_type, internal_attribute, parent_id, name, usercompanyid, created, createdby, alteredby, lastupdated) VALUES (57, 'SInvoice', 'system_company->getCompanyAddress()->town', NULL, 'Sales Invoice Supplier Town', 1, '2010-09-15 09:57:26.365019', NULL, NULL, '2010-09-15 09:57:26.365019');
INSERT INTO data_mappings (id, internal_type, internal_attribute, parent_id, name, usercompanyid, created, createdby, alteredby, lastupdated) VALUES (58, 'SInvoice', 'system_company->getCompanyAddress()->street1', NULL, 'Sales Invoice Supplier County', 1, '2010-09-15 09:57:26.365019', NULL, NULL, '2010-09-15 09:57:26.365019');
INSERT INTO data_mappings (id, internal_type, internal_attribute, parent_id, name, usercompanyid, created, createdby, alteredby, lastupdated) VALUES (59, 'SInvoice', 'system_company->getCompanyAddress()->postcode', NULL, 'Sales Invoice Supplier Post Code', 1, '2010-09-15 09:57:26.365019', NULL, NULL, '2010-09-15 09:57:26.365019');
INSERT INTO data_mappings (id, internal_type, internal_attribute, parent_id, name, usercompanyid, created, createdby, alteredby, lastupdated) VALUES (60, 'SInvoice', 'system_company->getCompanyAddress()->country', NULL, 'Sales Invoice Supplier Country', 1, '2010-09-15 09:57:26.365019', NULL, NULL, '2010-09-15 09:57:26.365019');
INSERT INTO data_mappings (id, internal_type, internal_attribute, parent_id, name, usercompanyid, created, createdby, alteredby, lastupdated) VALUES (43, 'SInvoice', 'lines', NULL, 'Sales Invoice Lines', 1, '2010-09-15 09:57:26.365019', NULL, NULL, '2010-09-15 09:57:26.365019');
INSERT INTO data_mappings (id, internal_type, internal_attribute, parent_id, name, usercompanyid, created, createdby, alteredby, lastupdated) VALUES (42, 'SInvoice', 'del_address->country', NULL, 'Sales Invoice Delivery Address Country', 1, '2010-09-15 09:57:26.365019', NULL, NULL, '2010-09-15 09:57:26.365019');
INSERT INTO data_mappings (id, internal_type, internal_attribute, parent_id, name, usercompanyid, created, createdby, alteredby, lastupdated) VALUES (41, 'SInvoice', 'del_address->postcode', NULL, 'Sales Invoice Delivery Address Post Code', 1, '2010-09-15 09:57:26.365019', NULL, NULL, '2010-09-15 09:57:26.365019');
INSERT INTO data_mappings (id, internal_type, internal_attribute, parent_id, name, usercompanyid, created, createdby, alteredby, lastupdated) VALUES (40, 'SInvoice', 'del_address->county', NULL, 'Sales Invoice Delivery Address County', 1, '2010-09-15 09:57:26.365019', NULL, NULL, '2010-09-15 09:57:26.365019');
INSERT INTO data_mappings (id, internal_type, internal_attribute, parent_id, name, usercompanyid, created, createdby, alteredby, lastupdated) VALUES (39, 'SInvoice', 'del_address->town', NULL, 'Sales Invoice Delivery Address Town', 1, '2010-09-15 09:57:26.365019', NULL, NULL, '2010-09-15 09:57:26.365019');
INSERT INTO data_mappings (id, internal_type, internal_attribute, parent_id, name, usercompanyid, created, createdby, alteredby, lastupdated) VALUES (61, 'SInvoice', 'system_company->systemcompany->vatnumber', NULL, 'Sales Invoice Supplier VAT Number', 1, '2010-09-15 09:57:26.365019', NULL, NULL, '2010-09-15 09:57:26.365019');
INSERT INTO data_mappings (id, internal_type, internal_attribute, parent_id, name, usercompanyid, created, createdby, alteredby, lastupdated) VALUES (62, 'SOProductLine', 'price', NULL, 'Sales Order Product Line Price', 1, '2010-09-15 09:57:26.365019', NULL, NULL, '2010-09-15 09:57:26.365019');
INSERT INTO data_mappings (id, internal_type, internal_attribute, parent_id, name, usercompanyid, created, createdby, alteredby, lastupdated) VALUES (63, 'SOProductLine', 'description', NULL, 'Sales Order Product Line Description', 1, '2010-09-15 09:57:26.365019', NULL, NULL, '2010-09-15 09:57:26.365019');
INSERT INTO data_mappings (id, internal_type, internal_attribute, parent_id, name, usercompanyid, created, createdby, alteredby, lastupdated) VALUES (64, 'SOProductLine', 'tax_rate_id', NULL, 'Sales Order Product Line VAT Code', 1, '2010-09-15 09:57:26.365019', NULL, NULL, '2010-09-15 09:57:26.365019');
INSERT INTO data_mappings (id, internal_type, internal_attribute, parent_id, name, usercompanyid, created, createdby, alteredby, lastupdated) VALUES (65, 'SOProductLine', 'slmaster_id', NULL, 'Sales Order Product Line Customer', 1, '2010-09-15 09:57:26.365019', NULL, NULL, '2010-09-15 09:57:26.365019');
INSERT INTO data_mappings (id, internal_type, internal_attribute, parent_id, name, usercompanyid, created, createdby, alteredby, lastupdated) VALUES (4, 'SOrder', 'order_date', NULL, 'Sales Order Order Date', 1, '2010-09-15 09:57:26.365019', NULL, NULL, '2010-09-15 09:57:26.365019');
INSERT INTO data_mappings (id, internal_type, internal_attribute, parent_id, name, usercompanyid, created, createdby, alteredby, lastupdated) VALUES (67, 'SOProductLine', 'getUnitSize', NULL, 'Unit Size', 1, '2010-09-15 09:57:26.365019', NULL, NULL, '2010-09-15 09:57:26.365019');
INSERT INTO data_mappings (id, internal_type, internal_attribute, parent_id, name, usercompanyid, created, createdby, alteredby, lastupdated) VALUES (77, 'SInvoice', NULL, NULL, 'Sales Invoice', 1, '2011-09-08 14:43:20.263588', 'admin', 'admin', '2011-09-08 14:43:20.263588');
INSERT INTO data_mappings (id, internal_type, internal_attribute, parent_id, name, usercompanyid, created, createdby, alteredby, lastupdated) VALUES (80, 'Party', 'type', NULL, 'Party Name', 1, '2011-10-13 11:59:08.192671', 'admin', 'admin', '2011-10-13 11:59:08.192671');
INSERT INTO data_mappings (id, internal_type, internal_attribute, parent_id, name, usercompanyid, created, createdby, alteredby, lastupdated) VALUES (69, 'SOrder', 'SOrderLine', NULL, 'Sales Order Lines', 1, '2011-08-30 14:25:47.319191', 'admin', 'admin', '2011-08-30 14:48:08.255973');
INSERT INTO data_mappings (id, internal_type, internal_attribute, parent_id, name, usercompanyid, created, createdby, alteredby, lastupdated) VALUES (74, 'SOrderLine', 'external_data', NULL, 'Sales Order Line External Data', 1, '2011-09-09 12:21:24.664856', 'admin', 'admin', '2011-09-09 12:21:24.664856');
INSERT INTO data_mappings (id, internal_type, internal_attribute, parent_id, name, usercompanyid, created, createdby, alteredby, lastupdated) VALUES (70, 'SInvoiceLine', 'sales_price', NULL, 'Sales Invoice Line Price', 1, '2011-08-31 15:29:01.261133', 'admin', 'admin', '2011-09-06 15:51:53.611996');
INSERT INTO data_mappings (id, internal_type, internal_attribute, parent_id, name, usercompanyid, created, createdby, alteredby, lastupdated) VALUES (71, 'SOrder', 'ext_reference', NULL, 'Sales Order Customer Reference', 1, '2011-09-01 14:46:40.345005', 'admin', 'admin', '2011-09-01 14:46:40.345005');
INSERT INTO data_mappings (id, internal_type, internal_attribute, parent_id, name, usercompanyid, created, createdby, alteredby, lastupdated) VALUES (72, 'SInvoice', 'order->ext_reference', NULL, 'Sales Invoice Customer Order Number', 1, '2011-09-01 15:07:51.206964', 'admin', 'admin', '2011-09-01 15:07:51.206964');
INSERT INTO data_mappings (id, internal_type, internal_attribute, parent_id, name, usercompanyid, created, createdby, alteredby, lastupdated) VALUES (73, 'SInvoice', 'order->getFormatted(''despatch_date'')', NULL, 'Sales Invoice Delivery Date', 1, '2011-09-01 15:08:31.130262', 'admin', 'admin', '2011-09-01 15:08:31.130262');
INSERT INTO data_mappings (id, internal_type, internal_attribute, parent_id, name, usercompanyid, created, createdby, alteredby, lastupdated) VALUES (78, 'SInvoiceLine', 'order_line_detail->getXML(''external_data'', EDI_XML_ROOT)->Item->SuppliersEAN', NULL, 'Sales Invoice Line Suppliers EAN', 1, '2011-09-09 12:46:05.848188', 'admin', 'admin', '2011-09-09 12:46:05.848188');
INSERT INTO data_mappings (id, internal_type, internal_attribute, parent_id, name, usercompanyid, created, createdby, alteredby, lastupdated) VALUES (75, 'SInvoiceLine', 'order_line_detail->getXML(''external_data'', EDI_XML_ROOT)->Item->SupplierCode1', NULL, 'Sales Invoice Line Supplier Code 1', 1, '2011-09-09 14:14:35.400294', 'admin', 'admin', '2011-09-09 14:14:35.400294');
INSERT INTO data_mappings (id, internal_type, internal_attribute, parent_id, name, usercompanyid, created, createdby, alteredby, lastupdated) VALUES (81, 'Company', 'name', NULL, 'Company Account Name', 1, '2011-10-13 11:59:29.951646', 'admin', 'admin', '2011-10-13 11:59:29.951646');
INSERT INTO data_mappings (id, internal_type, internal_attribute, parent_id, name, usercompanyid, created, createdby, alteredby, lastupdated) VALUES (82, 'PartyCollection', NULL, NULL, 'Parties', 1, '2011-10-13 14:05:56.30995', 'admin', 'admin', '2011-10-13 14:05:56.30995');
INSERT INTO data_mappings (id, internal_type, internal_attribute, parent_id, name, usercompanyid, created, createdby, alteredby, lastupdated) VALUES (84, 'STItem', 'item_code', NULL, 'Stock Item', 1, '2012-01-25 14:25:17.928192', 'admin', 'admin', '2012-01-25 14:25:17.928192');
INSERT INTO data_mappings (id, internal_type, internal_attribute, parent_id, name, usercompanyid, created, createdby, alteredby, lastupdated) VALUES (76, 'SInvoiceLine', 'order_line_detail->getXML(''external_data'', EDI_XML_ROOT)->Item->SupplierCode3', NULL, 'Sales Invoice Line Supplier Code 3', 1, '2011-09-09 14:15:57.786241', 'admin', 'admin', '2011-09-09 14:15:57.786241');
INSERT INTO data_mappings (id, internal_type, internal_attribute, parent_id, name, usercompanyid, created, createdby, alteredby, lastupdated) VALUES (85, 'STItem', 'description', NULL, 'Stock Description', 1, '2012-01-25 14:26:37.384967', 'admin', 'admin', '2012-01-25 14:26:37.384967');
INSERT INTO data_mappings (id, internal_type, internal_attribute, parent_id, name, usercompanyid, created, createdby, alteredby, lastupdated) VALUES (66, 'SOProductLine', 'item_detail->convertUomByName(1,''Case'',''Pack'')', NULL, 'Sales Order Product Line Pack Size', 1, '2010-09-15 09:57:26.365019', NULL, NULL, '2010-09-15 09:57:26.365019');
INSERT INTO data_mappings (id, internal_type, internal_attribute, parent_id, name, usercompanyid, created, createdby, alteredby, lastupdated) VALUES (79, 'SInvoiceLine', 'order_line_detail->getXML(''external_data'', EDI_XML_ROOT)->Item->CustomerCode1', NULL, 'Sales Invoice Line Customer Code 1', 1, '2011-09-09 14:16:27.470879', 'admin', 'admin', '2011-09-09 14:16:27.470879');
INSERT INTO data_mappings (id, internal_type, internal_attribute, parent_id, name, usercompanyid, created, createdby, alteredby, lastupdated) VALUES (86, 'STItem', 'alpha_code', NULL, 'Stock Alpha Code', 1, '2012-01-25 14:27:26.392949', 'admin', 'admin', '2012-01-25 14:27:26.392949');
INSERT INTO data_mappings (id, internal_type, internal_attribute, parent_id, name, usercompanyid, created, createdby, alteredby, lastupdated) VALUES (87, 'STItem', 'comp_class', NULL, 'Stock Comp Class', 1, '2012-01-25 14:29:31.470832', 'admin', 'admin', '2012-01-25 14:29:31.470832');
INSERT INTO data_mappings (id, internal_type, internal_attribute, parent_id, name, usercompanyid, created, createdby, alteredby, lastupdated) VALUES (88, 'STItem', 'ref1', NULL, 'Stock Reference Field 1', 1, '2012-01-25 14:34:30.491797', 'admin', 'admin', '2012-01-25 14:34:30.491797');
INSERT INTO data_mappings (id, internal_type, internal_attribute, parent_id, name, usercompanyid, created, createdby, alteredby, lastupdated) VALUES (89, 'STItem', 'batch_size', NULL, 'Stock Batch Size', 1, '2012-01-25 14:34:56.00394', 'admin', 'admin', '2012-01-25 14:34:56.00394');
INSERT INTO data_mappings (id, internal_type, internal_attribute, parent_id, name, usercompanyid, created, createdby, alteredby, lastupdated) VALUES (90, 'STItem', 'lead_time', NULL, 'Stock Lead Time', 1, '2012-01-25 14:35:20.300269', 'admin', 'admin', '2012-01-25 14:35:20.300269');
INSERT INTO data_mappings (id, internal_type, internal_attribute, parent_id, name, usercompanyid, created, createdby, alteredby, lastupdated) VALUES (91, 'STItem', 'text1', NULL, 'Stock Text Field 1', 1, '2012-01-25 14:35:40.264512', 'admin', 'admin', '2012-01-25 14:35:40.264512');
INSERT INTO data_mappings (id, internal_type, internal_attribute, parent_id, name, usercompanyid, created, createdby, alteredby, lastupdated) VALUES (92, 'STItem', 'cost_decimals', NULL, 'Stock Cost Decimals', 1, '2012-01-25 14:36:06.013295', 'admin', 'admin', '2012-01-25 14:36:06.013295');
INSERT INTO data_mappings (id, internal_type, internal_attribute, parent_id, name, usercompanyid, created, createdby, alteredby, lastupdated) VALUES (93, 'STItem', 'min_qty', NULL, 'Stock Minimum Quantity', 1, '2012-01-25 14:36:26.94969', 'admin', 'admin', '2012-01-25 14:36:26.94969');
INSERT INTO data_mappings (id, internal_type, internal_attribute, parent_id, name, usercompanyid, created, createdby, alteredby, lastupdated) VALUES (94, 'STItem', 'max_qty', NULL, 'Stock Maximum Quantity', 1, '2012-01-25 14:36:48.804685', 'admin', 'admin', '2012-01-25 14:36:48.804685');
INSERT INTO data_mappings (id, internal_type, internal_attribute, parent_id, name, usercompanyid, created, createdby, alteredby, lastupdated) VALUES (95, 'STItem', 'cost', NULL, 'Stock Cost', 1, '2012-01-25 14:37:05.829555', 'admin', 'admin', '2012-01-25 14:37:05.829555');
INSERT INTO data_mappings (id, internal_type, internal_attribute, parent_id, name, usercompanyid, created, createdby, alteredby, lastupdated) VALUES (96, 'STItem', 'qty_decimals', NULL, 'Stock Quantity Decimals', 1, '2012-01-25 14:37:35.714754', 'admin', 'admin', '2012-01-25 14:37:35.714754');
INSERT INTO data_mappings (id, internal_type, internal_attribute, parent_id, name, usercompanyid, created, createdby, alteredby, lastupdated) VALUES (97, 'STItem', 'product_group', NULL, 'Stock Product Group', 1, '2012-01-25 14:38:46.636043', 'admin', 'admin', '2012-01-25 14:38:46.636043');
INSERT INTO data_mappings (id, internal_type, internal_attribute, parent_id, name, usercompanyid, created, createdby, alteredby, lastupdated) VALUES (98, 'STItem', 'type_code', NULL, 'Stock Type Code', 1, '2012-01-25 14:39:20.351572', 'admin', 'admin', '2012-01-25 14:39:20.351572');
INSERT INTO data_mappings (id, internal_type, internal_attribute, parent_id, name, usercompanyid, created, createdby, alteredby, lastupdated) VALUES (99, 'STItem', 'uom_name', NULL, 'Stock Unit of Measure Name', 1, '2012-01-25 14:39:41.727862', 'admin', 'admin', '2012-01-25 14:39:41.727862');
INSERT INTO data_mappings (id, internal_type, internal_attribute, parent_id, name, usercompanyid, created, createdby, alteredby, lastupdated) VALUES (100, 'STItem', 'abc_class', NULL, 'Stock ABC Class', 1, '2012-01-25 14:43:02.582967', 'admin', 'admin', '2012-01-25 14:44:20.209082');
INSERT INTO data_mappings (id, internal_type, internal_attribute, parent_id, name, usercompanyid, created, createdby, alteredby, lastupdated) VALUES (125, 'ContactMethod', 'fax', NULL, 'Contact Fax Number', 1, '2012-03-27 10:46:25.25774', 'admin', 'admin', '2012-03-27 10:46:25.25774');
INSERT INTO data_mappings (id, internal_type, internal_attribute, parent_id, name, usercompanyid, created, createdby, alteredby, lastupdated) VALUES (132, 'GLBudget', 'value', NULL, 'GL Budget Value', 1, '2012-03-29 12:11:52.907511', 'admin', 'admin', '2012-03-29 12:11:52.907511');
INSERT INTO data_mappings (id, internal_type, internal_attribute, parent_id, name, usercompanyid, created, createdby, alteredby, lastupdated) VALUES (102, 'Company', 'accountnumber', NULL, 'Company Account Number', 1, '2012-01-26 12:54:39.467309', 'admin', 'admin', '2012-01-26 12:54:39.467309');
INSERT INTO data_mappings (id, internal_type, internal_attribute, parent_id, name, usercompanyid, created, createdby, alteredby, lastupdated) VALUES (103, 'Company', 'vatnumber', NULL, 'Company VAT Number', 1, '2012-01-26 12:54:39.467309', 'admin', 'admin', '2012-01-26 12:54:39.467309');
INSERT INTO data_mappings (id, internal_type, internal_attribute, parent_id, name, usercompanyid, created, createdby, alteredby, lastupdated) VALUES (104, 'Company', 'companynumber', NULL, 'Company Number', 1, '2012-01-26 12:54:39.467309', 'admin', 'admin', '2012-01-26 12:54:39.467309');
INSERT INTO data_mappings (id, internal_type, internal_attribute, parent_id, name, usercompanyid, created, createdby, alteredby, lastupdated) VALUES (105, 'Company', 'website', NULL, 'Company Web Site', 1, '2012-01-26 12:54:39.467309', 'admin', 'admin', '2012-01-26 12:54:39.467309');
INSERT INTO data_mappings (id, internal_type, internal_attribute, parent_id, name, usercompanyid, created, createdby, alteredby, lastupdated) VALUES (106, 'Company', 'employees', NULL, 'Company Employees', 1, '2012-01-26 12:54:39.467309', 'admin', 'admin', '2012-01-26 12:54:39.467309');
INSERT INTO data_mappings (id, internal_type, internal_attribute, parent_id, name, usercompanyid, created, createdby, alteredby, lastupdated) VALUES (107, 'Company', 'company_classification', NULL, 'Company Classification', 1, '2012-01-26 12:54:39.467309', 'admin', 'admin', '2012-01-26 12:54:39.467309');
INSERT INTO data_mappings (id, internal_type, internal_attribute, parent_id, name, usercompanyid, created, createdby, alteredby, lastupdated) VALUES (108, 'Company', 'company_source', NULL, 'Company Source', 1, '2012-01-26 12:54:39.467309', 'admin', 'admin', '2012-01-26 12:54:39.467309');
INSERT INTO data_mappings (id, internal_type, internal_attribute, parent_id, name, usercompanyid, created, createdby, alteredby, lastupdated) VALUES (109, 'Company', 'company_industry', NULL, 'Company Industry', 1, '2012-01-26 12:54:39.467309', 'admin', 'admin', '2012-01-26 12:54:39.467309');
INSERT INTO data_mappings (id, internal_type, internal_attribute, parent_id, name, usercompanyid, created, createdby, alteredby, lastupdated) VALUES (110, 'Company', 'company_status', NULL, 'Company Status', 1, '2012-01-26 12:54:39.467309', 'admin', 'admin', '2012-01-26 12:54:39.467309');
INSERT INTO data_mappings (id, internal_type, internal_attribute, parent_id, name, usercompanyid, created, createdby, alteredby, lastupdated) VALUES (111, 'Company', 'company_rating', NULL, 'Company Rating', 1, '2012-01-26 12:54:39.467309', 'admin', 'admin', '2012-01-26 12:54:39.467309');
INSERT INTO data_mappings (id, internal_type, internal_attribute, parent_id, name, usercompanyid, created, createdby, alteredby, lastupdated) VALUES (112, 'Company', 'company_type', NULL, 'Company Type', 1, '2012-01-26 12:54:39.467309', 'admin', 'admin', '2012-01-26 12:54:39.467309');
INSERT INTO data_mappings (id, internal_type, internal_attribute, parent_id, name, usercompanyid, created, createdby, alteredby, lastupdated) VALUES (126, 'GLAccount', 'account', NULL, 'GL Account', 1, '2012-03-29 11:59:31.764413', 'admin', 'admin', '2012-03-29 11:59:31.764413');
INSERT INTO data_mappings (id, internal_type, internal_attribute, parent_id, name, usercompanyid, created, createdby, alteredby, lastupdated) VALUES (114, 'CompanyAddress', 'street1', NULL, 'Address Street1', 1, '2012-01-26 12:54:39.467309', 'admin', 'admin', '2012-01-26 12:54:39.467309');
INSERT INTO data_mappings (id, internal_type, internal_attribute, parent_id, name, usercompanyid, created, createdby, alteredby, lastupdated) VALUES (115, 'CompanyAddress', 'street2', NULL, 'Address Street2', 1, '2012-01-26 12:54:39.467309', 'admin', 'admin', '2012-01-26 12:54:39.467309');
INSERT INTO data_mappings (id, internal_type, internal_attribute, parent_id, name, usercompanyid, created, createdby, alteredby, lastupdated) VALUES (116, 'CompanyAddress', 'street3', NULL, 'Address Street3', 1, '2012-01-26 12:54:39.467309', 'admin', 'admin', '2012-01-26 12:54:39.467309');
INSERT INTO data_mappings (id, internal_type, internal_attribute, parent_id, name, usercompanyid, created, createdby, alteredby, lastupdated) VALUES (117, 'CompanyAddress', 'town', NULL, 'Address Town', 1, '2012-01-26 12:54:39.467309', 'admin', 'admin', '2012-01-26 12:54:39.467309');
INSERT INTO data_mappings (id, internal_type, internal_attribute, parent_id, name, usercompanyid, created, createdby, alteredby, lastupdated) VALUES (118, 'CompanyAddress', 'county', NULL, 'Address County', 1, '2012-01-26 12:54:39.467309', 'admin', 'admin', '2012-01-26 12:54:39.467309');
INSERT INTO data_mappings (id, internal_type, internal_attribute, parent_id, name, usercompanyid, created, createdby, alteredby, lastupdated) VALUES (119, 'CompanyAddress', 'countrycode', NULL, 'Address Country', 1, '2012-01-26 12:54:39.467309', 'admin', 'admin', '2012-01-26 12:54:39.467309');
INSERT INTO data_mappings (id, internal_type, internal_attribute, parent_id, name, usercompanyid, created, createdby, alteredby, lastupdated) VALUES (120, 'CompanyAddress', 'postcode', NULL, 'Address Post Code', 1, '2012-01-26 12:54:39.467309', 'admin', 'admin', '2012-01-26 12:54:39.467309');
INSERT INTO data_mappings (id, internal_type, internal_attribute, parent_id, name, usercompanyid, created, createdby, alteredby, lastupdated) VALUES (121, 'ContactMethod', 'phone', NULL, 'Contact Phone Number', 1, '2012-01-26 12:54:39.467309', 'admin', 'admin', '2012-01-26 12:54:39.467309');
INSERT INTO data_mappings (id, internal_type, internal_attribute, parent_id, name, usercompanyid, created, createdby, alteredby, lastupdated) VALUES (122, 'ContactMethod', 'email', NULL, 'Contact Email Address', 1, '2012-01-26 12:54:39.467309', 'admin', 'admin', '2012-01-26 12:54:39.467309');
INSERT INTO data_mappings (id, internal_type, internal_attribute, parent_id, name, usercompanyid, created, createdby, alteredby, lastupdated) VALUES (123, 'CompanyInCategories', 'supplier', NULL, 'Company Category - Supplier', 1, '2012-01-26 12:54:39.467309', 'admin', 'admin', '2012-01-26 12:54:39.467309');
INSERT INTO data_mappings (id, internal_type, internal_attribute, parent_id, name, usercompanyid, created, createdby, alteredby, lastupdated) VALUES (124, 'CompanyInCategories', 'customer', NULL, 'Company Category - Customer', 1, '2012-01-26 12:54:39.467309', 'admin', 'admin', '2012-01-26 12:54:39.467309');
INSERT INTO data_mappings (id, internal_type, internal_attribute, parent_id, name, usercompanyid, created, createdby, alteredby, lastupdated) VALUES (127, 'GLCentre', 'cost_centre', NULL, 'GL Centre', 1, '2012-03-29 11:59:55.306509', 'admin', 'admin', '2012-03-29 11:59:55.306509');
INSERT INTO data_mappings (id, internal_type, internal_attribute, parent_id, name, usercompanyid, created, createdby, alteredby, lastupdated) VALUES (133, 'GLTransaction', 'account', NULL, 'GL Journal Account', 1, '2012-04-02 13:10:52.384286', 'admin', 'admin', '2012-04-02 13:10:52.384286');
INSERT INTO data_mappings (id, internal_type, internal_attribute, parent_id, name, usercompanyid, created, createdby, alteredby, lastupdated) VALUES (129, 'GLBudget', 'account', NULL, 'GL Budget Account', 1, '2012-03-29 12:10:27.73513', 'admin', 'admin', '2012-03-29 12:59:39.051063');
INSERT INTO data_mappings (id, internal_type, internal_attribute, parent_id, name, usercompanyid, created, createdby, alteredby, lastupdated) VALUES (130, 'GLBudget', 'centre', NULL, 'GL Budget Centre', 1, '2012-03-29 12:10:56.501234', 'admin', 'admin', '2012-03-29 13:00:12.57448');
INSERT INTO data_mappings (id, internal_type, internal_attribute, parent_id, name, usercompanyid, created, createdby, alteredby, lastupdated) VALUES (131, 'GLBudget', 'periods', NULL, 'GL Budget Period', 1, '2012-03-29 12:11:25.160779', 'admin', 'admin', '2012-03-29 15:50:45.479983');
INSERT INTO data_mappings (id, internal_type, internal_attribute, parent_id, name, usercompanyid, created, createdby, alteredby, lastupdated) VALUES (128, 'GLPeriod', 'getPeriodId', NULL, 'GL Year-Period', 1, '2012-03-29 12:04:32.505938', 'admin', 'admin', '2012-03-29 12:35:44.120813');
INSERT INTO data_mappings (id, internal_type, internal_attribute, parent_id, name, usercompanyid, created, createdby, alteredby, lastupdated) VALUES (134, 'GLTransaction', 'cost_centre', NULL, 'GL Journal CostCentre', 1, '2012-04-02 13:11:17.569397', 'admin', 'admin', '2012-04-02 13:11:17.569397');
INSERT INTO data_mappings (id, internal_type, internal_attribute, parent_id, name, usercompanyid, created, createdby, alteredby, lastupdated) VALUES (135, 'GLTransaction', 'value', NULL, 'GL Journal Value', 1, '2012-04-02 13:11:51.480899', 'admin', 'admin', '2012-04-02 13:11:51.480899');
INSERT INTO data_mappings (id, internal_type, internal_attribute, parent_id, name, usercompanyid, created, createdby, alteredby, lastupdated) VALUES (136, 'GLTransaction', 'reference', NULL, 'GL Journal Reference', 1, '2012-04-02 13:12:28.105369', 'admin', 'admin', '2012-04-02 13:12:28.105369');
INSERT INTO data_mappings (id, internal_type, internal_attribute, parent_id, name, usercompanyid, created, createdby, alteredby, lastupdated) VALUES (137, 'GLTransaction', 'comment', NULL, 'GL Journal Comment', 1, '2012-04-02 13:12:49.211316', 'admin', 'admin', '2012-04-02 13:12:49.211316');
INSERT INTO data_mappings (id, internal_type, internal_attribute, parent_id, name, usercompanyid, created, createdby, alteredby, lastupdated) VALUES (138, 'GLTransaction', 'transaction_date', NULL, 'GL Journal Transaction Date', 1, '2012-04-02 13:14:15.592328', 'admin', 'admin', '2012-04-02 13:14:15.592328');
INSERT INTO data_mappings (id, internal_type, internal_attribute, parent_id, name, usercompanyid, created, createdby, alteredby, lastupdated) VALUES (139, 'ContactMethod', 'mobile', NULL, 'Contact Mobile Number', 1, '2012-04-03 16:09:22.638289', 'admin', 'admin', '2012-04-03 16:09:22.638289');
INSERT INTO data_mappings (id, internal_type, internal_attribute, parent_id, name, usercompanyid, created, createdby, alteredby, lastupdated) VALUES (140, 'Person', 'title', NULL, 'Person Title', 1, '2012-04-05 15:38:30.426288', 'admin', 'admin', '2012-04-05 15:38:30.426288');
INSERT INTO data_mappings (id, internal_type, internal_attribute, parent_id, name, usercompanyid, created, createdby, alteredby, lastupdated) VALUES (141, 'Person', 'firstname', NULL, 'Person Firstname', 1, '2012-04-05 15:39:00.297044', 'admin', 'admin', '2012-04-05 15:39:00.297044');
INSERT INTO data_mappings (id, internal_type, internal_attribute, parent_id, name, usercompanyid, created, createdby, alteredby, lastupdated) VALUES (142, 'Person', 'middlename', NULL, 'Person Middlename', 1, '2012-04-05 15:39:22.189157', 'admin', 'admin', '2012-04-05 15:39:22.189157');
INSERT INTO data_mappings (id, internal_type, internal_attribute, parent_id, name, usercompanyid, created, createdby, alteredby, lastupdated) VALUES (143, 'Person', 'surname', NULL, 'Person Surname', 1, '2012-04-05 15:39:51.301951', 'admin', 'admin', '2012-04-05 15:39:51.301951');
INSERT INTO data_mappings (id, internal_type, internal_attribute, parent_id, name, usercompanyid, created, createdby, alteredby, lastupdated) VALUES (144, 'Person', 'suffix', NULL, 'Person Suffix', 1, '2012-04-05 15:40:14.852836', 'admin', 'admin', '2012-04-05 15:40:14.852836');
INSERT INTO data_mappings (id, internal_type, internal_attribute, parent_id, name, usercompanyid, created, createdby, alteredby, lastupdated) VALUES (145, 'Person', 'department', NULL, 'Person Department', 1, '2012-04-05 15:40:42.15227', 'admin', 'admin', '2012-04-05 15:40:42.15227');
INSERT INTO data_mappings (id, internal_type, internal_attribute, parent_id, name, usercompanyid, created, createdby, alteredby, lastupdated) VALUES (146, 'Person', 'jobtitle', NULL, 'Person Jobtitle', 1, '2012-04-05 15:41:05.650925', 'admin', 'admin', '2012-04-05 15:41:05.650925');
INSERT INTO data_mappings (id, internal_type, internal_attribute, parent_id, name, usercompanyid, created, createdby, alteredby, lastupdated) VALUES (147, 'Person', 'lang', NULL, 'Person Language', 1, '2012-04-05 15:41:52.579496', 'admin', 'admin', '2012-04-05 15:41:52.579496');
INSERT INTO data_mappings (id, internal_type, internal_attribute, parent_id, name, usercompanyid, created, createdby, alteredby, lastupdated) VALUES (148, 'Person', 'company', NULL, 'Person Company', 1, '2012-04-05 15:42:16.207207', 'admin', 'admin', '2012-04-05 15:42:16.207207');
INSERT INTO data_mappings (id, internal_type, internal_attribute, parent_id, name, usercompanyid, created, createdby, alteredby, lastupdated) VALUES (149, 'Person', 'can_call', NULL, 'Person Can Call', 1, '2012-04-05 15:43:23.291169', 'admin', 'admin', '2012-04-05 15:43:23.291169');
INSERT INTO data_mappings (id, internal_type, internal_attribute, parent_id, name, usercompanyid, created, createdby, alteredby, lastupdated) VALUES (150, 'Person', 'can_email', NULL, 'Person Can Email', 1, '2012-04-05 15:44:14.209474', 'admin', 'admin', '2012-04-05 15:44:14.209474');
INSERT INTO data_mappings (id, internal_type, internal_attribute, parent_id, name, usercompanyid, created, createdby, alteredby, lastupdated) VALUES (151, 'Person', 'reports_to', NULL, 'Person Reports To', 1, '2012-04-05 15:44:41.682401', 'admin', 'admin', '2012-04-05 15:44:41.682401');
INSERT INTO data_mappings (id, internal_type, internal_attribute, parent_id, name, usercompanyid, created, createdby, alteredby, lastupdated) VALUES (152, 'PersonAddress', 'street1', NULL, 'Person Address Street 1', 1, '2012-04-05 15:52:20.928067', 'admin', 'admin', '2012-04-05 15:52:20.928067');
INSERT INTO data_mappings (id, internal_type, internal_attribute, parent_id, name, usercompanyid, created, createdby, alteredby, lastupdated) VALUES (153, 'PersonAddress', 'street2', NULL, 'Person Address Street 2', 1, '2012-04-05 15:52:40.106', 'admin', 'admin', '2012-04-05 15:52:40.106');
INSERT INTO data_mappings (id, internal_type, internal_attribute, parent_id, name, usercompanyid, created, createdby, alteredby, lastupdated) VALUES (154, 'PersonAddress', 'street3', NULL, 'Person Address Street 3', 1, '2012-04-05 15:53:02.257093', 'admin', 'admin', '2012-04-05 15:53:02.257093');
INSERT INTO data_mappings (id, internal_type, internal_attribute, parent_id, name, usercompanyid, created, createdby, alteredby, lastupdated) VALUES (155, 'PersonAddress', 'town', NULL, 'Person Address Town', 1, '2012-04-05 15:53:37.68227', 'admin', 'admin', '2012-04-05 15:53:37.68227');
INSERT INTO data_mappings (id, internal_type, internal_attribute, parent_id, name, usercompanyid, created, createdby, alteredby, lastupdated) VALUES (156, 'PersonAddress', 'county', NULL, 'Person Address County', 1, '2012-04-05 15:54:02.976979', 'admin', 'admin', '2012-04-05 15:54:02.976979');
INSERT INTO data_mappings (id, internal_type, internal_attribute, parent_id, name, usercompanyid, created, createdby, alteredby, lastupdated) VALUES (157, 'PersonAddress', 'countrycode', NULL, 'Person Address Country', 1, '2012-04-05 15:54:24.943317', 'admin', 'admin', '2012-04-05 16:01:03.60816');
INSERT INTO data_mappings (id, internal_type, internal_attribute, parent_id, name, usercompanyid, created, createdby, alteredby, lastupdated) VALUES (158, 'PersonAddress', 'postcode', NULL, 'Person Address Post Code', 1, '2012-04-05 15:55:01.970666', 'admin', 'admin', '2012-04-05 15:55:01.970666');
INSERT INTO data_mappings (id, internal_type, internal_attribute, parent_id, name, usercompanyid, created, createdby, alteredby, lastupdated) VALUES (101, 'STItem', 'tax_rate', NULL, 'Stock Tax Rate', 1, '2012-01-26 09:29:55.31944', 'admin', 'admin', '2012-04-18 11:03:05.331482');

SELECT pg_catalog.setval('data_mappings_id_seq', 158, true);

-- data_mapping_rules

INSERT INTO data_mapping_rules (id, name, external_system_id, data_mapping_id, usercompanyid, created, createdby, alteredby, lastupdated, parent_id, external_format, data_type) VALUES (8, 'GL Year-Period', 2, 128, 1, '2012-03-29 12:37:11.917811', 'admin', 'admin', '2012-03-29 12:37:11.917811', NULL, NULL, NULL);
INSERT INTO data_mapping_rules (id, name, external_system_id, data_mapping_id, usercompanyid, created, createdby, alteredby, lastupdated, parent_id, external_format, data_type) VALUES (9, 'date2', 2, NULL, 1, '2012-04-02 14:09:55.196169', 'admin', 'admin', '2012-04-02 14:36:05.804665', NULL, 'd/m/Y', 'date');

SELECT pg_catalog.setval('data_mapping_rules_id_seq', 9, true);

-- data_definitions

INSERT INTO data_definitions (id, external_system_id, name, type, description, direction, root_location, folder, username, password, local_archive_folder, working_folder, process_model, process_function, file_prefix, file_extension, usercompanyid, created, createdby, alteredby, lastupdated, transfer_type, implementation_class, external_identifier_field, field_separator, text_delimiter, remote_archive_folder, abort_action, duplicates_action) VALUES (4, 2, 'Accounts', 'CSV', 'Load Accounts', 'IN', NULL, NULL, NULL, '753d3c7caf8006a02649ed190fbef3c1', 'local/imports/processed', 'local/imports', 'EdiInterface', 'loadAccounts', 'accounts', 'upl', 1, '2011-10-13 11:56:05.292991', NULL, 'admin', '2012-04-20 09:42:28.091907', 'LOCAL', NULL, NULL, ';', '"', NULL, 'S', 'U');
INSERT INTO data_definitions (id, external_system_id, name, type, description, direction, root_location, folder, username, password, local_archive_folder, working_folder, process_model, process_function, file_prefix, file_extension, usercompanyid, created, createdby, alteredby, lastupdated, transfer_type, implementation_class, external_identifier_field, field_separator, text_delimiter, remote_archive_folder, abort_action, duplicates_action) VALUES (8, 2, 'Budgets', 'CSV', 'Import Budgets', 'IN', NULL, NULL, NULL, NULL, 'local/imports/processed', 'local/imports', NULL, NULL, 'budgets', 'upl', 1, '2012-03-29 11:45:33.463477', NULL, NULL, '2012-03-29 11:48:22.686504', 'LOCAL', NULL, NULL, ';', '"', NULL, 'A', 'I');
INSERT INTO data_definitions (id, external_system_id, name, type, description, direction, root_location, folder, username, password, local_archive_folder, working_folder, process_model, process_function, file_prefix, file_extension, usercompanyid, created, createdby, alteredby, lastupdated, transfer_type, implementation_class, external_identifier_field, field_separator, text_delimiter, remote_archive_folder, abort_action, duplicates_action) VALUES (9, 2, 'GL Journals', 'CSV', 'Import GL Journals', 'IN', NULL, NULL, NULL, NULL, 'local/imports/processed', 'local/imports', 'EdiInterface', 'loadJournals', 'gl_journal', 'upl', 1, '2012-03-29 11:47:49.234927', NULL, NULL, '2012-04-02 13:59:54.601595', 'LOCAL', NULL, NULL, ';', '"', NULL, 'A', 'I');
INSERT INTO data_definitions (id, external_system_id, name, type, description, direction, root_location, folder, username, password, local_archive_folder, working_folder, process_model, process_function, file_prefix, file_extension, usercompanyid, created, createdby, alteredby, lastupdated, transfer_type, implementation_class, external_identifier_field, field_separator, text_delimiter, remote_archive_folder, abort_action, duplicates_action) VALUES (5, 2, 'Stock', 'CSV', 'Load Stock', 'IN', NULL, NULL, NULL, NULL, 'local/imports/processed', 'local/imports', NULL, NULL, 'items', 'upl', 1, '2012-01-25 13:38:38.184697', NULL, 'admin', '2012-04-16 14:56:44.111997', 'LOCAL', NULL, NULL, ';', '!', NULL, 'S', 'I');
INSERT INTO data_definitions (id, external_system_id, name, type, description, direction, root_location, folder, username, password, local_archive_folder, working_folder, process_model, process_function, file_prefix, file_extension, usercompanyid, created, createdby, alteredby, lastupdated, transfer_type, implementation_class, external_identifier_field, field_separator, text_delimiter, remote_archive_folder, abort_action, duplicates_action) VALUES (6, 2, 'People', 'CSV', 'Load People', 'IN', NULL, NULL, NULL, NULL, 'local/imports/processed', 'local/imports', 'EdiInterface', 'loadPeople', 'people', 'upl', 1, '2011-10-13 11:56:05.292991', NULL, NULL, '2011-10-13 11:56:05.292991', 'LOCAL', NULL, NULL, ';', '"', NULL, 'A', 'I');

SELECT pg_catalog.setval('data_definitions_id_seq', 9, true);

--

INSERT INTO data_definition_details (id, data_definition_id, element, "position", parent_id, data_mapping_id, data_mapping_rule_id, usercompanyid, created, createdby, alteredby, lastupdated, default_value) VALUES (178, 4, 'Accounts', 1, NULL, NULL, NULL, 1, '2011-10-13 13:20:31.685123', NULL, NULL, '2011-10-13 13:20:31.685123', NULL);
INSERT INTO data_definition_details (id, data_definition_id, element, "position", parent_id, data_mapping_id, data_mapping_rule_id, usercompanyid, created, createdby, alteredby, lastupdated, default_value) VALUES (179, 4, 'Line', 1, 178, NULL, NULL, 1, '2011-10-13 14:05:16.527152', NULL, 'admin', '2011-10-13 14:06:12.443805', NULL);
INSERT INTO data_definition_details (id, data_definition_id, element, "position", parent_id, data_mapping_id, data_mapping_rule_id, usercompanyid, created, createdby, alteredby, lastupdated, default_value) VALUES (181, 4, 'Name', 1, 179, 81, NULL, 1, '2011-10-13 12:00:16.173393', 'admin', 'admin', '2012-01-26 12:58:42.641912', NULL);
INSERT INTO data_definition_details (id, data_definition_id, element, "position", parent_id, data_mapping_id, data_mapping_rule_id, usercompanyid, created, createdby, alteredby, lastupdated, default_value) VALUES (202, 4, 'accountnumber', 2, 179, 102, NULL, 1, '2012-01-26 12:59:35.723053', 'admin', 'admin', '2012-01-26 12:59:35.723053', NULL);
INSERT INTO data_definition_details (id, data_definition_id, element, "position", parent_id, data_mapping_id, data_mapping_rule_id, usercompanyid, created, createdby, alteredby, lastupdated, default_value) VALUES (203, 4, 'vatnumber', 3, 179, 103, NULL, 1, '2012-01-26 13:01:14.837099', 'admin', 'admin', '2012-01-26 13:01:14.837099', NULL);
INSERT INTO data_definition_details (id, data_definition_id, element, "position", parent_id, data_mapping_id, data_mapping_rule_id, usercompanyid, created, createdby, alteredby, lastupdated, default_value) VALUES (204, 4, 'companynumber', 4, 179, 104, NULL, 1, '2012-01-26 13:01:37.047215', 'admin', 'admin', '2012-01-26 13:01:37.047215', NULL);
INSERT INTO data_definition_details (id, data_definition_id, element, "position", parent_id, data_mapping_id, data_mapping_rule_id, usercompanyid, created, createdby, alteredby, lastupdated, default_value) VALUES (205, 4, 'website', 5, 179, 105, NULL, 1, '2012-01-26 13:02:03.469113', 'admin', 'admin', '2012-01-26 13:02:03.469113', NULL);
INSERT INTO data_definition_details (id, data_definition_id, element, "position", parent_id, data_mapping_id, data_mapping_rule_id, usercompanyid, created, createdby, alteredby, lastupdated, default_value) VALUES (206, 4, 'employees', 6, 179, 106, NULL, 1, '2012-01-26 13:02:19.460333', 'admin', 'admin', '2012-01-26 13:02:19.460333', NULL);
INSERT INTO data_definition_details (id, data_definition_id, element, "position", parent_id, data_mapping_id, data_mapping_rule_id, usercompanyid, created, createdby, alteredby, lastupdated, default_value) VALUES (207, 4, 'classification', 7, 179, 107, NULL, 1, '2012-01-26 13:02:33.97468', 'admin', 'admin', '2012-01-26 13:02:33.97468', NULL);
INSERT INTO data_definition_details (id, data_definition_id, element, "position", parent_id, data_mapping_id, data_mapping_rule_id, usercompanyid, created, createdby, alteredby, lastupdated, default_value) VALUES (208, 4, 'source', 8, 179, 108, NULL, 1, '2012-01-26 13:02:57.593713', 'admin', 'admin', '2012-01-26 13:02:57.593713', NULL);
INSERT INTO data_definition_details (id, data_definition_id, element, "position", parent_id, data_mapping_id, data_mapping_rule_id, usercompanyid, created, createdby, alteredby, lastupdated, default_value) VALUES (209, 4, 'industry', 9, 179, 109, NULL, 1, '2012-01-26 13:03:13.670728', 'admin', 'admin', '2012-01-26 13:03:13.670728', NULL);
INSERT INTO data_definition_details (id, data_definition_id, element, "position", parent_id, data_mapping_id, data_mapping_rule_id, usercompanyid, created, createdby, alteredby, lastupdated, default_value) VALUES (210, 4, 'status', 10, 179, 110, NULL, 1, '2012-01-26 13:03:29.187948', 'admin', 'admin', '2012-01-26 13:03:29.187948', NULL);
INSERT INTO data_definition_details (id, data_definition_id, element, "position", parent_id, data_mapping_id, data_mapping_rule_id, usercompanyid, created, createdby, alteredby, lastupdated, default_value) VALUES (211, 4, 'rating', 11, 179, 111, NULL, 1, '2012-01-26 13:03:44.463271', 'admin', 'admin', '2012-01-26 13:03:44.463271', NULL);
INSERT INTO data_definition_details (id, data_definition_id, element, "position", parent_id, data_mapping_id, data_mapping_rule_id, usercompanyid, created, createdby, alteredby, lastupdated, default_value) VALUES (212, 4, 'type_code', 12, 179, 112, NULL, 1, '2012-01-26 13:04:05.788859', 'admin', 'admin', '2012-01-26 13:04:05.788859', NULL);
INSERT INTO data_definition_details (id, data_definition_id, element, "position", parent_id, data_mapping_id, data_mapping_rule_id, usercompanyid, created, createdby, alteredby, lastupdated, default_value) VALUES (213, 4, 'street1', 13, 179, 114, NULL, 1, '2012-01-26 13:05:45.266684', 'admin', 'admin', '2012-05-10 11:18:06.686443', '.');
INSERT INTO data_definition_details (id, data_definition_id, element, "position", parent_id, data_mapping_id, data_mapping_rule_id, usercompanyid, created, createdby, alteredby, lastupdated, default_value) VALUES (214, 4, 'street2', 14, 179, 115, NULL, 1, '2012-01-26 13:06:01.333069', 'admin', 'admin', '2012-01-26 13:06:01.333069', NULL);
INSERT INTO data_definition_details (id, data_definition_id, element, "position", parent_id, data_mapping_id, data_mapping_rule_id, usercompanyid, created, createdby, alteredby, lastupdated, default_value) VALUES (215, 4, 'street3', 15, 179, 116, NULL, 1, '2012-01-26 13:06:22.174208', 'admin', 'admin', '2012-01-26 13:06:22.174208', NULL);
INSERT INTO data_definition_details (id, data_definition_id, element, "position", parent_id, data_mapping_id, data_mapping_rule_id, usercompanyid, created, createdby, alteredby, lastupdated, default_value) VALUES (216, 4, 'town', 16, 179, 117, NULL, 1, '2012-01-26 13:06:39.565105', 'admin', 'admin', '2012-05-10 11:18:21.667756', '.');
INSERT INTO data_definition_details (id, data_definition_id, element, "position", parent_id, data_mapping_id, data_mapping_rule_id, usercompanyid, created, createdby, alteredby, lastupdated, default_value) VALUES (217, 4, 'county', 17, 179, 118, NULL, 1, '2012-01-26 13:07:08.012569', 'admin', 'admin', '2012-01-26 13:07:08.012569', NULL);
INSERT INTO data_definition_details (id, data_definition_id, element, "position", parent_id, data_mapping_id, data_mapping_rule_id, usercompanyid, created, createdby, alteredby, lastupdated, default_value) VALUES (218, 4, 'countrycode', 19, 179, 119, NULL, 1, '2012-01-26 13:07:27.387884', 'admin', 'admin', '2012-04-18 15:13:59.154416', 'GB');
INSERT INTO data_definition_details (id, data_definition_id, element, "position", parent_id, data_mapping_id, data_mapping_rule_id, usercompanyid, created, createdby, alteredby, lastupdated, default_value) VALUES (219, 4, 'postcode', 18, 179, 120, NULL, 1, '2012-01-26 13:07:41.796218', 'admin', 'admin', '2012-05-10 11:16:53.597948', '.');
INSERT INTO data_definition_details (id, data_definition_id, element, "position", parent_id, data_mapping_id, data_mapping_rule_id, usercompanyid, created, createdby, alteredby, lastupdated, default_value) VALUES (220, 4, 'phone', 20, 179, 121, NULL, 1, '2012-01-26 13:08:04.616277', 'admin', 'admin', '2012-01-26 13:08:04.616277', NULL);
INSERT INTO data_definition_details (id, data_definition_id, element, "position", parent_id, data_mapping_id, data_mapping_rule_id, usercompanyid, created, createdby, alteredby, lastupdated, default_value) VALUES (221, 4, 'email', 23, 179, 122, NULL, 1, '2012-01-26 13:08:17.171094', 'admin', 'admin', '2012-04-03 16:07:07.816022', NULL);
INSERT INTO data_definition_details (id, data_definition_id, element, "position", parent_id, data_mapping_id, data_mapping_rule_id, usercompanyid, created, createdby, alteredby, lastupdated, default_value) VALUES (222, 4, 'customer', 24, 179, 124, NULL, 1, '2012-01-26 13:09:00.531692', 'admin', 'admin', '2012-04-03 16:06:54.973981', NULL);
INSERT INTO data_definition_details (id, data_definition_id, element, "position", parent_id, data_mapping_id, data_mapping_rule_id, usercompanyid, created, createdby, alteredby, lastupdated, default_value) VALUES (223, 4, 'supplier', 25, 179, 123, NULL, 1, '2012-01-26 13:09:16.368425', 'admin', 'admin', '2012-04-03 16:06:43.15325', NULL);
INSERT INTO data_definition_details (id, data_definition_id, element, "position", parent_id, data_mapping_id, data_mapping_rule_id, usercompanyid, created, createdby, alteredby, lastupdated, default_value) VALUES (224, 4, 'Fax', 21, 179, 125, NULL, 1, '2012-03-27 10:48:00.262828', 'admin', 'admin', '2012-03-27 10:48:00.262828', NULL);
INSERT INTO data_definition_details (id, data_definition_id, element, "position", parent_id, data_mapping_id, data_mapping_rule_id, usercompanyid, created, createdby, alteredby, lastupdated, default_value) VALUES (239, 4, 'mobile', 22, 179, 139, NULL, 1, '2012-04-03 16:10:12.613468', 'admin', 'admin', '2012-04-03 16:10:12.613468', NULL);
INSERT INTO data_definition_details (id, data_definition_id, element, "position", parent_id, data_mapping_id, data_mapping_rule_id, usercompanyid, created, createdby, alteredby, lastupdated, default_value) VALUES (182, 5, 'Stock', 17, NULL, NULL, NULL, 1, '2012-01-25 14:22:10.563647', 'admin', 'admin', '2012-01-25 14:22:10.563647', NULL);
INSERT INTO data_definition_details (id, data_definition_id, element, "position", parent_id, data_mapping_id, data_mapping_rule_id, usercompanyid, created, createdby, alteredby, lastupdated, default_value) VALUES (183, 5, 'Line', 1, 182, NULL, NULL, 1, '2012-01-25 14:23:23.283932', 'admin', 'admin', '2012-01-25 14:23:23.283932', NULL);
INSERT INTO data_definition_details (id, data_definition_id, element, "position", parent_id, data_mapping_id, data_mapping_rule_id, usercompanyid, created, createdby, alteredby, lastupdated, default_value) VALUES (184, 5, 'item_code', 1, 183, 84, NULL, 1, '2012-01-25 14:28:15.698225', 'admin', 'admin', '2012-01-25 14:28:15.698225', NULL);
INSERT INTO data_definition_details (id, data_definition_id, element, "position", parent_id, data_mapping_id, data_mapping_rule_id, usercompanyid, created, createdby, alteredby, lastupdated, default_value) VALUES (185, 5, 'description', 2, 183, 85, NULL, 1, '2012-01-25 14:28:42.137135', 'admin', 'admin', '2012-01-25 14:28:42.137135', NULL);
INSERT INTO data_definition_details (id, data_definition_id, element, "position", parent_id, data_mapping_id, data_mapping_rule_id, usercompanyid, created, createdby, alteredby, lastupdated, default_value) VALUES (186, 5, 'alpha_code', 3, 183, 86, NULL, 1, '2012-01-25 14:41:20.812972', 'admin', 'admin', '2012-01-25 14:41:20.812972', NULL);
INSERT INTO data_definition_details (id, data_definition_id, element, "position", parent_id, data_mapping_id, data_mapping_rule_id, usercompanyid, created, createdby, alteredby, lastupdated, default_value) VALUES (187, 5, 'comp_class', 4, 183, 87, NULL, 1, '2012-01-25 14:41:46.206871', 'admin', 'admin', '2012-01-25 14:41:46.206871', NULL);
INSERT INTO data_definition_details (id, data_definition_id, element, "position", parent_id, data_mapping_id, data_mapping_rule_id, usercompanyid, created, createdby, alteredby, lastupdated, default_value) VALUES (188, 5, 'ref1', 6, 183, 88, NULL, 1, '2012-01-25 14:42:36.676732', 'admin', 'admin', '2012-01-25 14:42:36.676732', NULL);
INSERT INTO data_definition_details (id, data_definition_id, element, "position", parent_id, data_mapping_id, data_mapping_rule_id, usercompanyid, created, createdby, alteredby, lastupdated, default_value) VALUES (189, 5, 'batch_size', 7, 183, 89, NULL, 1, '2012-01-25 14:43:18.576532', 'admin', 'admin', '2012-01-25 14:43:18.576532', NULL);
INSERT INTO data_definition_details (id, data_definition_id, element, "position", parent_id, data_mapping_id, data_mapping_rule_id, usercompanyid, created, createdby, alteredby, lastupdated, default_value) VALUES (190, 5, 'abc_class', 5, 183, 100, NULL, 1, '2012-01-25 14:43:58.197204', 'admin', 'admin', '2012-01-25 14:43:58.197204', NULL);
INSERT INTO data_definition_details (id, data_definition_id, element, "position", parent_id, data_mapping_id, data_mapping_rule_id, usercompanyid, created, createdby, alteredby, lastupdated, default_value) VALUES (191, 5, 'lead_time', 8, 183, 90, NULL, 1, '2012-01-25 14:44:48.636607', 'admin', 'admin', '2012-01-25 14:44:48.636607', NULL);
INSERT INTO data_definition_details (id, data_definition_id, element, "position", parent_id, data_mapping_id, data_mapping_rule_id, usercompanyid, created, createdby, alteredby, lastupdated, default_value) VALUES (192, 5, 'text1', 9, 183, 91, NULL, 1, '2012-01-25 14:45:18.317839', 'admin', 'admin', '2012-01-25 14:45:18.317839', NULL);
INSERT INTO data_definition_details (id, data_definition_id, element, "position", parent_id, data_mapping_id, data_mapping_rule_id, usercompanyid, created, createdby, alteredby, lastupdated, default_value) VALUES (193, 5, 'cost_decimals', 10, 183, 92, NULL, 1, '2012-01-25 14:45:36.462843', 'admin', 'admin', '2012-01-25 14:45:36.462843', NULL);
INSERT INTO data_definition_details (id, data_definition_id, element, "position", parent_id, data_mapping_id, data_mapping_rule_id, usercompanyid, created, createdby, alteredby, lastupdated, default_value) VALUES (194, 5, 'min_qty', 11, 183, 93, NULL, 1, '2012-01-25 14:45:53.977722', 'admin', 'admin', '2012-01-25 14:45:53.977722', NULL);
INSERT INTO data_definition_details (id, data_definition_id, element, "position", parent_id, data_mapping_id, data_mapping_rule_id, usercompanyid, created, createdby, alteredby, lastupdated, default_value) VALUES (195, 5, 'max_qty', 12, 183, 94, NULL, 1, '2012-01-25 14:46:12.205125', 'admin', 'admin', '2012-01-25 14:46:12.205125', NULL);
INSERT INTO data_definition_details (id, data_definition_id, element, "position", parent_id, data_mapping_id, data_mapping_rule_id, usercompanyid, created, createdby, alteredby, lastupdated, default_value) VALUES (196, 5, 'cost', 12, 183, 95, NULL, 1, '2012-01-25 14:46:25.187915', 'admin', 'admin', '2012-01-25 14:46:25.187915', NULL);
INSERT INTO data_definition_details (id, data_definition_id, element, "position", parent_id, data_mapping_id, data_mapping_rule_id, usercompanyid, created, createdby, alteredby, lastupdated, default_value) VALUES (197, 5, 'qty_decimals', 13, 183, 96, NULL, 1, '2012-01-25 14:46:46.65227', 'admin', 'admin', '2012-01-25 14:46:46.65227', NULL);
INSERT INTO data_definition_details (id, data_definition_id, element, "position", parent_id, data_mapping_id, data_mapping_rule_id, usercompanyid, created, createdby, alteredby, lastupdated, default_value) VALUES (198, 5, 'product_group', 14, 183, 97, NULL, 1, '2012-01-25 14:47:03.034038', 'admin', 'admin', '2012-01-25 14:47:03.034038', NULL);
INSERT INTO data_definition_details (id, data_definition_id, element, "position", parent_id, data_mapping_id, data_mapping_rule_id, usercompanyid, created, createdby, alteredby, lastupdated, default_value) VALUES (199, 5, 'type_code', 15, 183, 98, NULL, 1, '2012-01-25 14:47:20.315538', 'admin', 'admin', '2012-01-25 14:47:20.315538', NULL);
INSERT INTO data_definition_details (id, data_definition_id, element, "position", parent_id, data_mapping_id, data_mapping_rule_id, usercompanyid, created, createdby, alteredby, lastupdated, default_value) VALUES (200, 5, 'uom_name', 16, 183, 99, NULL, 1, '2012-01-25 14:47:37.163239', 'admin', 'admin', '2012-01-25 14:47:37.163239', NULL);
INSERT INTO data_definition_details (id, data_definition_id, element, "position", parent_id, data_mapping_id, data_mapping_rule_id, usercompanyid, created, createdby, alteredby, lastupdated, default_value) VALUES (201, 5, 'tax_rate_id', 18, 183, 101, NULL, 1, '2012-01-26 09:31:01.401236', 'admin', 'admin', '2012-04-18 12:24:25.038022', NULL);
INSERT INTO data_definition_details (id, data_definition_id, element, "position", parent_id, data_mapping_id, data_mapping_rule_id, usercompanyid, created, createdby, alteredby, lastupdated, default_value) VALUES (226, 9, 'GL Journals', 1, NULL, NULL, NULL, 1, '2012-03-29 11:52:30.883202', 'admin', 'admin', '2012-03-29 11:52:30.883202', NULL);
INSERT INTO data_definition_details (id, data_definition_id, element, "position", parent_id, data_mapping_id, data_mapping_rule_id, usercompanyid, created, createdby, alteredby, lastupdated, default_value) VALUES (238, 9, 'Line', 1, 226, NULL, NULL, 1, '2012-04-02 13:09:13.022957', 'admin', 'admin', '2012-04-02 13:09:13.022957', NULL);
INSERT INTO data_definition_details (id, data_definition_id, element, "position", parent_id, data_mapping_id, data_mapping_rule_id, usercompanyid, created, createdby, alteredby, lastupdated, default_value) VALUES (225, 9, 'Transaction_date', 1, 238, 138, 9, 1, '2012-03-29 11:51:24.978742', 'admin', 'admin', '2012-04-02 14:36:25.911043', NULL);
INSERT INTO data_definition_details (id, data_definition_id, element, "position", parent_id, data_mapping_id, data_mapping_rule_id, usercompanyid, created, createdby, alteredby, lastupdated, default_value) VALUES (227, 9, 'GL Account', 2, 238, 133, NULL, 1, '2012-03-29 11:53:30.630687', 'admin', 'admin', '2012-04-02 13:15:43.164279', NULL);
INSERT INTO data_definition_details (id, data_definition_id, element, "position", parent_id, data_mapping_id, data_mapping_rule_id, usercompanyid, created, createdby, alteredby, lastupdated, default_value) VALUES (228, 9, 'GL Centre', 3, 238, 134, NULL, 1, '2012-03-29 11:53:46.800174', 'admin', 'admin', '2012-04-02 13:16:13.538464', NULL);
INSERT INTO data_definition_details (id, data_definition_id, element, "position", parent_id, data_mapping_id, data_mapping_rule_id, usercompanyid, created, createdby, alteredby, lastupdated, default_value) VALUES (229, 9, 'value', 4, 238, 135, NULL, 1, '2012-03-29 11:54:07.323813', 'admin', 'admin', '2012-04-02 13:16:42.705449', NULL);
INSERT INTO data_definition_details (id, data_definition_id, element, "position", parent_id, data_mapping_id, data_mapping_rule_id, usercompanyid, created, createdby, alteredby, lastupdated, default_value) VALUES (230, 9, 'reference', 5, 238, 136, NULL, 1, '2012-03-29 11:54:41.486632', 'admin', 'admin', '2012-04-02 13:16:52.218748', NULL);
INSERT INTO data_definition_details (id, data_definition_id, element, "position", parent_id, data_mapping_id, data_mapping_rule_id, usercompanyid, created, createdby, alteredby, lastupdated, default_value) VALUES (231, 9, 'comment', 6, 238, 137, NULL, 1, '2012-03-29 11:55:58.410014', 'admin', 'admin', '2012-04-02 13:17:02.227043', NULL);
INSERT INTO data_definition_details (id, data_definition_id, element, "position", parent_id, data_mapping_id, data_mapping_rule_id, usercompanyid, created, createdby, alteredby, lastupdated, default_value) VALUES (232, 8, 'Budgets', 1, NULL, NULL, NULL, 1, '2012-03-29 11:56:57.806767', 'admin', 'admin', '2012-03-29 11:56:57.806767', NULL);
INSERT INTO data_definition_details (id, data_definition_id, element, "position", parent_id, data_mapping_id, data_mapping_rule_id, usercompanyid, created, createdby, alteredby, lastupdated, default_value) VALUES (237, 8, 'Line', 1, 232, NULL, NULL, 1, '2012-03-29 12:45:34.577819', 'admin', 'admin', '2012-03-29 12:45:34.577819', NULL);
INSERT INTO data_definition_details (id, data_definition_id, element, "position", parent_id, data_mapping_id, data_mapping_rule_id, usercompanyid, created, createdby, alteredby, lastupdated, default_value) VALUES (233, 8, 'Year-Period', 1, 237, 131, NULL, 1, '2012-03-29 11:57:14.318243', 'admin', 'admin', '2012-03-29 15:45:42.140151', NULL);
INSERT INTO data_definition_details (id, data_definition_id, element, "position", parent_id, data_mapping_id, data_mapping_rule_id, usercompanyid, created, createdby, alteredby, lastupdated, default_value) VALUES (234, 8, 'GL Account', 2, 237, 129, NULL, 1, '2012-03-29 11:57:27.767022', 'admin', 'admin', '2012-03-29 12:46:15.763554', NULL);
INSERT INTO data_definition_details (id, data_definition_id, element, "position", parent_id, data_mapping_id, data_mapping_rule_id, usercompanyid, created, createdby, alteredby, lastupdated, default_value) VALUES (235, 8, 'GL Centre', 3, 237, 130, NULL, 1, '2012-03-29 11:57:41.115008', 'admin', 'admin', '2012-03-29 12:46:20.313816', NULL);
INSERT INTO data_definition_details (id, data_definition_id, element, "position", parent_id, data_mapping_id, data_mapping_rule_id, usercompanyid, created, createdby, alteredby, lastupdated, default_value) VALUES (236, 8, 'value', 4, 237, 132, NULL, 1, '2012-03-29 11:57:54.682031', 'admin', 'admin', '2012-03-29 12:46:24.332656', NULL);
INSERT INTO data_definition_details (id, data_definition_id, element, "position", parent_id, data_mapping_id, data_mapping_rule_id, usercompanyid, created, createdby, alteredby, lastupdated, default_value) VALUES (240, 6, 'People', 1, NULL, NULL, NULL, 1, '2012-04-05 15:36:40.324313', 'admin', 'admin', '2012-04-05 16:32:12.426153', NULL);
INSERT INTO data_definition_details (id, data_definition_id, element, "position", parent_id, data_mapping_id, data_mapping_rule_id, usercompanyid, created, createdby, alteredby, lastupdated, default_value) VALUES (241, 6, 'Line', 1, 240, NULL, NULL, 1, '2012-04-05 15:37:03.927582', 'admin', 'admin', '2012-04-05 15:37:31.246717', NULL);
INSERT INTO data_definition_details (id, data_definition_id, element, "position", parent_id, data_mapping_id, data_mapping_rule_id, usercompanyid, created, createdby, alteredby, lastupdated, default_value) VALUES (242, 6, 'title', 1, 241, 140, NULL, 1, '2012-04-05 15:45:26.22928', 'admin', 'admin', '2012-04-05 15:45:26.22928', NULL);
INSERT INTO data_definition_details (id, data_definition_id, element, "position", parent_id, data_mapping_id, data_mapping_rule_id, usercompanyid, created, createdby, alteredby, lastupdated, default_value) VALUES (243, 6, 'surname', 4, 241, 143, NULL, 1, '2012-04-05 15:45:46.507865', 'admin', 'admin', '2012-04-20 15:40:38.011413', '.');
INSERT INTO data_definition_details (id, data_definition_id, element, "position", parent_id, data_mapping_id, data_mapping_rule_id, usercompanyid, created, createdby, alteredby, lastupdated, default_value) VALUES (244, 6, 'firstname', 2, 241, 141, NULL, 1, '2012-04-05 15:46:03.818023', 'admin', 'admin', '2012-04-20 15:40:12.220254', '.');
INSERT INTO data_definition_details (id, data_definition_id, element, "position", parent_id, data_mapping_id, data_mapping_rule_id, usercompanyid, created, createdby, alteredby, lastupdated, default_value) VALUES (245, 6, 'middlename', 3, 241, 142, NULL, 1, '2012-04-05 15:46:27.007264', 'admin', 'admin', '2012-04-05 15:46:27.007264', NULL);
INSERT INTO data_definition_details (id, data_definition_id, element, "position", parent_id, data_mapping_id, data_mapping_rule_id, usercompanyid, created, createdby, alteredby, lastupdated, default_value) VALUES (246, 6, 'suffix', 5, 241, 144, NULL, 1, '2012-04-05 15:46:53.734046', 'admin', 'admin', '2012-04-05 15:46:53.734046', NULL);
INSERT INTO data_definition_details (id, data_definition_id, element, "position", parent_id, data_mapping_id, data_mapping_rule_id, usercompanyid, created, createdby, alteredby, lastupdated, default_value) VALUES (247, 6, 'department', 6, 241, 145, NULL, 1, '2012-04-05 15:47:12.987337', 'admin', 'admin', '2012-04-05 15:47:12.987337', NULL);
INSERT INTO data_definition_details (id, data_definition_id, element, "position", parent_id, data_mapping_id, data_mapping_rule_id, usercompanyid, created, createdby, alteredby, lastupdated, default_value) VALUES (248, 6, 'jobtitle', 7, 241, 146, NULL, 1, '2012-04-05 15:47:30.32567', 'admin', 'admin', '2012-04-05 15:47:30.32567', NULL);
INSERT INTO data_definition_details (id, data_definition_id, element, "position", parent_id, data_mapping_id, data_mapping_rule_id, usercompanyid, created, createdby, alteredby, lastupdated, default_value) VALUES (249, 6, 'language', 8, 241, 147, NULL, 1, '2012-04-05 15:47:49.278176', 'admin', 'admin', '2012-05-16 13:23:18.802833', 'EN');
INSERT INTO data_definition_details (id, data_definition_id, element, "position", parent_id, data_mapping_id, data_mapping_rule_id, usercompanyid, created, createdby, alteredby, lastupdated, default_value) VALUES (250, 6, 'company', 9, 241, 148, NULL, 1, '2012-04-05 15:48:19.816461', 'admin', 'admin', '2012-04-05 15:50:28.410422', NULL);
INSERT INTO data_definition_details (id, data_definition_id, element, "position", parent_id, data_mapping_id, data_mapping_rule_id, usercompanyid, created, createdby, alteredby, lastupdated, default_value) VALUES (251, 6, 'reports_to', 10, 241, 151, NULL, 1, '2012-04-05 15:48:38.878273', 'admin', 'admin', '2012-04-05 15:48:38.878273', NULL);
INSERT INTO data_definition_details (id, data_definition_id, element, "position", parent_id, data_mapping_id, data_mapping_rule_id, usercompanyid, created, createdby, alteredby, lastupdated, default_value) VALUES (252, 6, 'can_call', 11, 241, 149, NULL, 1, '2012-04-05 15:48:51.210021', 'admin', 'admin', '2012-04-05 15:48:51.210021', NULL);
INSERT INTO data_definition_details (id, data_definition_id, element, "position", parent_id, data_mapping_id, data_mapping_rule_id, usercompanyid, created, createdby, alteredby, lastupdated, default_value) VALUES (253, 6, 'can_email', 12, 241, 150, NULL, 1, '2012-04-05 15:49:22.660947', 'admin', 'admin', '2012-04-05 15:49:22.660947', NULL);
INSERT INTO data_definition_details (id, data_definition_id, element, "position", parent_id, data_mapping_id, data_mapping_rule_id, usercompanyid, created, createdby, alteredby, lastupdated, default_value) VALUES (254, 6, 'street1', 13, 241, 152, NULL, 1, '2012-04-05 15:56:08.152016', 'admin', 'admin', '2012-04-05 15:56:08.152016', NULL);
INSERT INTO data_definition_details (id, data_definition_id, element, "position", parent_id, data_mapping_id, data_mapping_rule_id, usercompanyid, created, createdby, alteredby, lastupdated, default_value) VALUES (255, 6, 'street2', 14, 241, 153, NULL, 1, '2012-04-05 15:56:28.924366', 'admin', 'admin', '2012-04-05 15:56:28.924366', NULL);
INSERT INTO data_definition_details (id, data_definition_id, element, "position", parent_id, data_mapping_id, data_mapping_rule_id, usercompanyid, created, createdby, alteredby, lastupdated, default_value) VALUES (256, 6, 'street3', 15, 241, 154, NULL, 1, '2012-04-05 15:56:48.646154', 'admin', 'admin', '2012-04-05 15:56:48.646154', NULL);
INSERT INTO data_definition_details (id, data_definition_id, element, "position", parent_id, data_mapping_id, data_mapping_rule_id, usercompanyid, created, createdby, alteredby, lastupdated, default_value) VALUES (257, 6, 'town', 16, 241, 155, NULL, 1, '2012-04-05 15:57:15.199236', 'admin', 'admin', '2012-04-05 15:57:15.199236', NULL);
INSERT INTO data_definition_details (id, data_definition_id, element, "position", parent_id, data_mapping_id, data_mapping_rule_id, usercompanyid, created, createdby, alteredby, lastupdated, default_value) VALUES (258, 6, 'county', 17, 241, 156, NULL, 1, '2012-04-05 15:57:35.210895', 'admin', 'admin', '2012-04-05 15:57:35.210895', NULL);
INSERT INTO data_definition_details (id, data_definition_id, element, "position", parent_id, data_mapping_id, data_mapping_rule_id, usercompanyid, created, createdby, alteredby, lastupdated, default_value) VALUES (259, 6, 'country', 18, 241, 157, NULL, 1, '2012-04-05 15:58:03.55053', 'admin', 'admin', '2012-04-05 15:58:03.55053', NULL);
INSERT INTO data_definition_details (id, data_definition_id, element, "position", parent_id, data_mapping_id, data_mapping_rule_id, usercompanyid, created, createdby, alteredby, lastupdated, default_value) VALUES (260, 6, 'postcode', 19, 241, 158, NULL, 1, '2012-04-05 15:58:21.933579', 'admin', 'admin', '2012-04-05 15:58:21.933579', NULL);
INSERT INTO data_definition_details (id, data_definition_id, element, "position", parent_id, data_mapping_id, data_mapping_rule_id, usercompanyid, created, createdby, alteredby, lastupdated, default_value) VALUES (261, 6, 'phone', 20, 241, 121, NULL, 1, '2012-04-05 15:58:49.082577', 'admin', 'admin', '2012-04-05 15:58:49.082577', NULL);
INSERT INTO data_definition_details (id, data_definition_id, element, "position", parent_id, data_mapping_id, data_mapping_rule_id, usercompanyid, created, createdby, alteredby, lastupdated, default_value) VALUES (262, 6, 'Fax', 21, 241, 125, NULL, 1, '2012-04-05 15:59:11.402149', 'admin', 'admin', '2012-04-05 15:59:11.402149', NULL);
INSERT INTO data_definition_details (id, data_definition_id, element, "position", parent_id, data_mapping_id, data_mapping_rule_id, usercompanyid, created, createdby, alteredby, lastupdated, default_value) VALUES (263, 6, 'mobile', 22, 241, 139, NULL, 1, '2012-04-05 15:59:27.54754', 'admin', 'admin', '2012-04-05 15:59:27.54754', NULL);
INSERT INTO data_definition_details (id, data_definition_id, element, "position", parent_id, data_mapping_id, data_mapping_rule_id, usercompanyid, created, createdby, alteredby, lastupdated, default_value) VALUES (264, 6, 'email', 23, 241, 122, NULL, 1, '2012-04-05 15:59:43.484757', 'admin', 'admin', '2012-04-05 15:59:43.484757', NULL);

SELECT pg_catalog.setval('data_definition_details_id_seq', 264, true);
